Player,Prime Age
Devin Aromashodu,26
Tavon Austin,24
Jason Avant,27
Stedman Bailey,24
Arnaz Battle,26
Kelvin Benjamin,26
Travis Benjamin,27
Earl Bennett,23
Bernard Berrian,27
Anquan Boldin,27
Dwayne Bowe,25
Deion Branch,25
Steve Breaston,26
Kenny Britt,27
Antonio Brown,26
John Brown,25
Reggie Brown,25
Antonio Bryant,24
Dez Bryant,25
Nate Burleson,23
Andre Caldwell,25
Reche Caldwell,27
Tim Carter,27
Mark Clayton,25
Michael Clayton,23
Corey Coleman,23
Austin Collie,25
Marques Colston,27
Riley Cooper,26
Jerricho Cotchery,25
Michael Crabtree,24
Patrick Crayton,29
Ronald Curry,28
Kevin Curtis,28
Andre' Davis,29
Corey Davis,26
Eric Decker,26
Early Doucet,25
Harry Douglas,28
Julian Edelman,29
Braylon Edwards,24
Lee Evans,24
Larry Fitzgerald,25
Michael Floyd,25
Devin Funchess,22
Doug Gabriel,25
Jabar Gaffney,30
Justin Gage,27
Pierre Garcon,24
Brandon Gibson,24
Ted Ginn Jr.,31
Chris Givens,24
David Givens,24
Kenny Golladay,25
Ryan Grant,27
A.J. Green,24
DaeSean Hamilton,24
Justin Hardy,25
Dwayne Harris,27
Brian Hartline,26
Percy Harvin,22
Devery Henderson,26
Chris Henry,23
Devin Hester,27
Darrius Heyward-Bey,24
Johnnie Lee Higgins,26
Jason Hill,24
T.Y. Hilton,26
Domenik Hixon,24
Santonio Holmes,24
Josh Huff,24
Justin Hunter,23
DeSean Jackson,23
Vincent Jackson,29
Alshon Jeffery,24
Michael Jenkins,27
Greg Jennings,26
Andre Johnson,28
Bethel Johnson,25
Bryant Johnson,26
Calvin Johnson,27
Charles Johnson,26
Steve Johnson,25
Brandon Jones,25
Jacoby Jones,27
James Jones,28
Julio Jones,26
Matt Jones,24
Jeremy Kerley,25
Johnny Knox,24
Brandon LaFell,27
Jarvis Landry,27
Marqise Lee,25
Ashley Lelie,24
Greg Little,23
Brandon Lloyd,30
Jeremy Maclin,27
Mario Manningham,24
Brandon Marshall,28
Keshawn Martin,24
Mohamed Massaquoi,24
Jordan Matthews,23
Rishard Matthews,27
Dexter McCluster,25
Shaun McDonald,25
Robert Meachem,26
Anthony Miller,25
Donte Moncrief,22
Denarius Moore,24
Josh Morgan,24
Louis Murphy,23
Legedu Naanee,27
JJ Nelson,24
Jordy Nelson,28
Hakeem Nicks,23
Ben Obomanu,28
Samie Parker,25
Roscoe Parrish,25
Breshad Perriman,26
Austin Pettis,24
Terrelle Pryor,28
Brian Quick,27
Antwaan Randle El,25
Rueben Randle,23
Josh Reed,27
Sidney Rice,22
Andre Roberts,24
Aldrick Robinson,29
Michael Robinson,24
Eddie Royal,23
Emmanuel Sanders,28
Mohamed Sanu,28
Cecil Shorts,26
Jerome Simpson,26
Mike Sims-Walker,25
Brad Smith,27
Steve Smith,24
Torrey Smith,23
Donte' Stallworth,26
Kenny Stills,22
Chansi Stuckey,26
Brandon Tate,24
Golden Tate,25
Demaryius Thomas,26
Mike Thomas,23
David Tyree,25
Bobby Wade,26
Javon Walker,25
Mike Wallace,24
Kevin Walter,27
James Washington,23
Sammy Watkins,22
Markus Wheaton,23
Roddy White,28
Ernest Wilford,27
Damian Williams,23
Kyle Williams,24
Mike Williams,24
Reggie Williams,23
Roy Williams,24
Roydell Williams,25
Terrance Williams,25
Troy Williamson,23
Jarius Wright,25
